create database db_Wuhengheng

create table tb_Student1(
Sno char(11) primary key,
Sname char(20),
Ssex char(2) check(Ssex='男' or Ssex='女') default'男',
Sage smallint,
Sdept char(20) null
)

create table tb_Course(
Cno char(4) primary key,
CName char(20),
Cpno char(4),
Ccredit smallint
)

create table tb_SC(
Sno char(11) primary key,
Cno char(4),
Grade smallint)

insert into tb_Student1(Sno,Sname,Ssex,Sage,Sdept)
values('200215121','李勇','男',20,'CS'),
('200215122','刘晨','女',19,'CS'),
('200215123','王敏','女',18,'MA'),
('200215124','张立','男',19,'IS'),
('200215125','夏雨辰','男',19,'CS'),
('200215126','王金辉','男',18,'MA'),
('200215127','杜会友','男',19,'IS'),
('200215128','庞思齐','男',19,'CS'),
('200215129','王深良','男',18,'MA'),
('200215130','巨天赐','男',19,'IS'),
('200215131','张庆','男',19,'CS'),
('200215132','贾慧波','男',18,'MA'),
('200215133','程洁','男',19,'IS'),
('200215134','朱迪平','女',19,'CS'),
('200215135','杨冲','男',18,'MA'),
('200215136','高洁','男',19,'IS'),
('200215137','张彤彤','女',19,'IS'),
('200215138','马超','男',19,'CS'),
('200215139','史安杰','女',18,'MA'),
('200215140','崔子波','男',19,'IS'),
('200215141','蒋科磊','男',19,'CS'),
('200215142','王浩','男',18,'MA'),
('200215143','郭刘航','男',19,'IS'),
('200215144','史兵兵','男',19,'CS'),
('200215145','孙相丽','女',18,'MA')

select*from tb_Student1


insert into tb_Course(Cno,CName,Cpno,Ccredit)
values('1','数据库','5',4),
('2','数学','',4),
('3','操作系统','1',4),
('4','语文',5,5),
('5','数学',5,5),
('6','外语',5,5),
('7','语文',5,5),
('8','数学',5,5),
('9','外语',5,5),
('10','语文',5,5),
('11','数学',5,5),
('12','外语',5,5),
('13','语文',5,5),
('14','数学',5,5),
('15','外语',5,5),
('16','语文',5,5),
('17','数学',5,5),
('18','语文',5,5),
('19','数学',5,5),
('20','外语',5,5),
('21','外语',5,5),
('22','数学',5,5),
('23','外语',5,5),
('24','语文',5,5),
('25','数学',5,5)

select*from tb_Course

insert into tb_SC(Sno,Cno,Grade) 
values
('200215121','1',92),
('200215122','2',85),
('200215123','3',88),
('200215124','2',90),
('200215125','3',80),
('200215126','1',92),
('200215127','2',85),
('200215128','3',88),
('200215129','2',90),
('200215130','3',80),
('200215131','1',92),
('200215132','2',85),
('200215133','3',88),
('200215134','2',90),
('200215135','3',80),
('200215136','1',92),
('200215137','2',85),
('200215138','3',88),
('200215139','2',90),
('200215140','3',80),
('200215141','1',92),
('200215142','2',85),
('200215143','3',88),
('200215144','2',90),
('200215145','3',80)

select*from tb_SC
