create database db_liuyangcong

create table tb_Student(
Sno nvarchar(11) primary key,
Sname nvarchar(20) not null,
Ssex nvarchar(2) default '男' check(Ssex = '男' or Ssex = '女') not null,
Sage smallint not null,
Sdept nvarchar(20))

create table tb_Course(
Cno nvarchar(4) primary key,
Cname nvarchar(20) not null,
Cpno nvarchar(4) not null,
Ccredit smallint not null)

create table tb_Sc(
Sno nvarchar(11) primary key,
Cno nvarchar(4) not null,
Grade smallint not null)

insert into tb_Student (Sno,Sname,Ssex,Sage,Sdept) values 
('200215121','李勇','男',20,'CS'),
('200215122','刘晨','女',19,'CS'),
('200215123','王敏','女',18,'MA'),
('200515124','张立','男',19,'IS'),
('200215125','李勇','男',20,'CS'),
('200215126','刘晨','女',19,'CS'),
('200215127','王敏','女',18,'MA'),
('200515128','张立','男',19,'IS'),
('200215129','李勇','男',20,'CS'),
('200215130','刘晨','女',19,'CS'),
('200215133','王敏','女',18,'MA'),
('200515134','张立','男',19,'IS'),
('200215131','李勇','男',20,'CS'),
('200215132','刘晨','女',19,'CS'),
('200215136','王敏','女',18,'MA'),
('200515135','张立','男',19,'IS'),
('200215137','李勇','男',20,'CS'),
('200215108','刘晨','女',19,'CS'),
('200215232','王敏','女',18,'MA'),
('200515225','张立','男',19,'IS'),
('200215201','李勇','男',20,'CS'),
('200215222','刘晨','女',19,'CS'),
('200215223','王敏','女',18,'MA'),
('200216232','王敏','女',18,'MA'),
('200514225','张立','男',19,'IS'),
('200213201','李勇','男',20,'CS'),
('200214222','刘晨','女',19,'CS'),
('200216223','王敏','女',18,'MA')

insert into tb_Course (Cno,Cname,Cpno,Ccredit) values
('1','数据库','5',4),
('2','数学','7',2),
('3','信息系统','1',4),
('4','操作系统','6',3),
('5','数据结构','7',4),
('6','数据处理','5',2),
('7','PASCAL语言','6',4),
('8','数据结构','7',4),
('9','数据处理','5',2),
('10','PASCAL语言','6',4)

insert into tb_Sc (Sno,Cno,Grade) values
('200215121','1',92),
('200215122','2',85),
('200215123','3',88),
('200215124','2',90),
('200215125','3',80),
('200215126','1',92),
('200215127','2',85),
('200215128','3',88),
('200215129','2',90),
('200215130','3',80),
('200215131','1',92),
('200215132','2',85),
('200215133','3',88),
('200215134','2',90),
('200215135','3',80),
('200215136','1',92),
('200215137','2',85),
('200215138','3',88),
('200215139','2',90),
('200215140','3',80),
('200215141','1',92),
('200215142','2',85),
('200215143','3',88),
('200215144','2',90),
('200215145','3',80)