create database db_MaChao

create table tb_Student(
Sno char(11) primary key,
Sname char(20),
Ssex char(2) check(Ssex='男' or Ssex='女') default'男',
Sage smallint,
Sdept char(20) null
)

create table tb_Course(
Cno char(4) primary key,
CName char(20),
Cpno char(4),
Ccredit smallint
)

create table tb_SC(
Sno char(11) primary key,
Cno char(4),
Grade smallint)

insert into tb_Student(Sno,Sname,Ssex,Sage,Sdept)
values('201215121','刘勇','男',20,'CS'),
('201215122','王晨','女',19,'CS'),
('201215123','张敏','女',20,'MA'),
('201215124','张浩','男',19,'IS'),
('201215125','张婷','女',19,'CS'),
('201215126','王一','女',18,'MA'),
('201215120','王二','女',18,'MA'),
('201215127','王三','男',20,'IS'),
('201215128','王四','女',19,'CS'),
('201215129','王五','女',18,'MA'),
('201215130','王六','男',19,'IS'),
('201215131','孙一','女',22,'CS'),
('201215132','孙二','女',17,'MA'),
('201215133','孙三','男',19,'IS'),
('201215134','孙四','女',20,'CS'),
('201215135','孙五','女',18,'MA'),
('201215136','孙六','男',19,'IS'),
('201215137','孙七','男',19,'IS'),
('201215138','孙八','女',19,'CS'),
('201215139','孙九','女',18,'MA'),
('201215140','孙十','男',19,'IS'),
('201215141','蒋一','女',19,'CS'),
('201215142','蒋二','女',18,'MA'),
('201215143','蒋三','男',21,'IS'),
('201215144','蒋四','女',19,'CS'),
('201215145','蒋五','女',21,'MA')

select*from tb_Student


insert into tb_Course(Cno,CName,Cpno,Ccredit)
values('1','数学','5',4),
('2','数学','',4),
('3','SQL','1',4),
('4','语文',5,5),
('5','数学',5,5),
('6','操作系统',5,5),
('7','PS',5,5),
('8','数学',5,5),
('9','外语',5,5),
('10','语文',5,5),
('11','SQL',5,5),
('12','外语',5,5),
('13','语文',5,5),
('14','数学',5,5),
('15','外语',5,5),
('16','语文',5,5),
('17','数学',5,5),
('18','语文',5,5),
('19','语文',5,5),
('20','PS',5,5),
('21','外语',5,5),
('22','数学',5,5),
('23','数学',5,5),
('24','PS',5,5),
('25','数学',5,5)

select*from tb_Course

insert into tb_SC(Sno,Cno,Grade) 
values
('201315131','3',92),
('201315132','2',85),
('201315133','3',88),
('201315134','2',90),
('201315135','2',80),
('201315136','1',92),
('201315137','2',85),
('201315138','3',88),
('201315139','2',90),
('201315140','3',80),
('201315141','1',92),
('201315142','2',85),
('201315143','1',88),
('201315144','2',90),
('201315145','3',80),
('201315146','1',92),
('201315147','2',85),
('201315148','3',88),
('201315149','2',90),
('201315150','3',80),
('201315151','2',92),
('201315152','3',85),
('201315153','3',88),
('201315154','2',90),
('201315155','3',80)

select*from tb_SC
